Price,Close,Close,Close,High,High,High,Low,Low,Low,Open,Open,Open,Volume,Volume,Volume
Ticker,AAPL,GOOGL,TSLA,AAPL,GOOGL,TSLA,AAPL,GOOGL,TSLA,AAPL,GOOGL,TSLA,AAPL,GOOGL,TSLA
Date,,,,,,,,,,,,,,,
2024-01-02,184.73497009277344,137.67092895507812,248.4199981689453,187.52132261231023,138.94630438637614,251.25,182.9935016661129,135.9870307924664,244.41000366210938,186.2376030973938,138.0495612625078,250.0800018310547,82488700,23711200,104654200
2024-01-03,183.35174560546875,138.41822814941406,238.4499969482422,184.973803899141,139.12567036509972,245.67999267578125,182.53573597559208,136.58487775890734,236.32000732421875,183.32189307602442,136.75426190549678,244.97999572753906,58414500,24212100,121082600
2024-01-04,181.02317810058594,135.89735412597656,237.92999267578125,182.19741821935423,138.65735304986882,242.6999969482422,179.99820064627082,135.85750529693797,237.72999572753906,181.261998363711,137.92002048142746,239.25,71983600,27137700,102629300
2024-01-05,180.2967071533203,135.23974609375,237.49000549316406,181.8690061871609,136.66458891457754,240.1199951171875,179.29163655398915,134.66183919892327,234.89999389648438,181.10277101042314,136.25606616421598,236.86000061035156,62303300,22506000,92379400
2024-01-08,184.65536499023438,138.33851623535156,240.4499969482422,184.6951784875532,138.50790038311104,241.25,180.6151605231867,135.76783318574974,235.3000030517578,181.20228054123743,135.79772361160872,236.13999938964844,59144500,21404000,85166600
2024-01-09,184.23741149902344,140.44090270996094,234.9600067138672,184.24735728099782,140.97896080972643,238.9600067138672,181.83915700040632,137.6510129285237,232.0399932861328,183.02335798455337,137.9997548525819,238.11000061035156,42841800,24759600,96705700
2024-01-10,185.2823028564453,141.76609802246094,233.94000244140625,185.49127057687537,142.48349867263119,235.5,183.02336513916433,140.40105118706725,231.2899932861328,183.45127673118873,140.49072246741957,235.10000610351562,46792900,21320200,91628500
2024-01-11,184.6852264404297,141.5668182373047,227.22000122070312,186.13811547472974,144.6954761563001,230.92999267578125,182.7248291738061,140.1320169897214,225.3699951171875,185.6305920580053,142.97172905920294,230.57000732421875,49128400,24008700,105873600
2024-01-12,185.01361083984375,142.13475036621094,218.88999938964844,185.8296205077815,142.68276683874566,225.33999633789062,184.2871739488164,141.3077616574565,217.14999389648438,185.1529277118819,142.15468238439635,220.0800018310547,40444700,18768600,122889000
2024-01-16,182.73477172851562,141.97532653808594,219.91000366210938,183.361690026594,143.82860876024412,223.49000549316406,180.04792262326768,140.93907454092556,212.17999267578125,181.27193705900044,141.4870909621475,215.10000610351562,65603000,22670500,115355000
2024-01-17,181.7893829345703,140.9590301513672,215.5500030517578,182.03816412329252,141.3276888947719,215.6699981689453,179.42099634332618,138.39830535616042,212.00999450683594,180.38626857032017,140.83946844078756,214.86000061035156,47317400,20968600,103164400
2024-01-18,187.71041870117188,142.96176147460938,211.8800048828125,188.217926944481,143.6891357400747,217.4499969482422,184.92406588558168,141.47715292408563,208.74000549316406,185.18279289864887,141.53693377797572,216.8800048828125,78005800,25746400,108595400
2024-01-19,190.62611389160156,145.85128784179688,212.19000244140625,191.01421197583775,145.9210270994899,213.19000244140625,187.89948151982946,143.85851173882352,207.55999755859375,188.4069897270921,144.21721204550573,209.99000549316406,68741000,33300700,102095800
2024-01-22,192.9447479248047,145.4626922607422,208.8000030517578,194.37773007418247,147.85401742312334,217.8000030517578,191.3226896328841,145.31322493579674,206.27000427246094,191.36250312836654,146.56868356917025,212.25999450683594,60133900,32200400,117952500
2024-01-23,194.2284698486328,146.50888061523438,209.13999938964844,194.79569832767794,146.64837432307408,215.64999389648438,192.88506035011693,144.9744498289976,207.75,194.06926140547006,145.36304052967063,211.3000030517578,42355600,21636100,106605900
2024-01-24,193.55177307128906,148.1628875732422,207.8300018310547,195.42261254918643,149.3087428568861,212.72999572753906,193.39254945946814,147.5650639155649,206.77000427246094,194.4672860626603,148.0034618497254,211.8800048828125,53631300,25233500,123369900
2024-01-25,193.22340393066406,151.32144165039062,182.6300048828125,195.31317233681816,152.4971874037259,193.0,192.1685739447696,148.99985577128933,180.05999755859375,194.2682881337411,149.52795540200455,189.6999969482422,54822100,29149100,198076800
2024-01-26,191.48191833496094,151.64028930664062,183.25,193.8105067973861,151.98901597789123,186.77999877929688,191.00426266727368,150.4645435827961,182.10000610351562,193.32290534776368,150.55423005590535,185.5,44594000,26115500,107343200
2024-01-29,190.7952880859375,152.9555206298828,190.92999267578125,191.2629979920715,153.22454965433968,191.47999572753906,188.65577567784422,150.88303170821908,183.6699981689453,191.07392183626405,151.51076103072688,185.6300048828125,47145600,27784300,125013100
2024-01-30,187.12326049804688,150.91293334960938,191.58999633789062,190.86493945980703,153.0651198773838,196.36000061035156,186.55604725857967,150.6439043322597,190.61000061035156,190.00913152540437,152.24808962231998,195.3300018310547,55859400,36331800,109982300
2024-01-31,183.5010223388672,139.59396362304688,187.2899932861328,186.18787167030365,143.47987070654617,193.97000122070312,183.45127824224116,139.3647834384674,185.85000610351562,186.12815142243116,143.10123840478371,187.0,55467800,71910000,103221400
2024-02-01,185.9490509033203,140.650146484375,188.86000061035156,186.03860850559406,142.5432777745924,189.8800048828125,182.92387770165894,140.2814725524416,184.27999877929688,183.09304712297666,141.60667053706408,188.5,64885400,40466500,91843300
2024-02-02,184.94395446777344,141.86572265625,187.91000366210938,186.41673495449575,142.10484603637684,188.69000244140625,178.3761245608121,136.00695658436337,182.0,178.9831513103476,138.75698188153785,185.0399932861328,102518000,62470600,110505100
2024-02-05,186.76502990722656,143.1610107421875,181.05999755859375,188.3273832549743,144.94455365415317,184.67999267578125,184.9340037750539,142.26426768504354,175.00999450683594,187.23273981487074,142.30413171637227,184.25999450683594,69668800,38505400,134294400
2024-02-06,188.37713623046875,143.57952880859375,185.10000610351562,188.38708201253658,144.83497231956045,186.49000549316406,185.8594715869018,142.67281200439112,177.11000061035156,185.94902917871246,144.12753009117665,177.2100067138672,43490800,29128200,122676000
2024-02-07,188.48660278320312,145.01431274414062,187.5800018310547,190.118606941087,145.09402561403104,189.7899932861328,187.69049986083044,143.41012734632514,182.67999267578125,189.71060210551596,144.23713126730334,188.17999267578125,53439000,25208900,111535200
2024-02-08,187.40191650390625,145.3829803466797,189.55999755859375,188.6159548348253,145.8014614926525,191.6199951171875,186.4366441977198,144.5759084791839,185.5800018310547,188.46669218310572,145.30326748025513,189.0,40962000,22563800,83034000
2024-02-09,188.1691436767578,148.46180725097656,193.57000732421875,189.30503301755343,148.9002203895404,194.1199951171875,187.3222021069975,145.65198588309397,189.47999572753906,187.96985257532495,146.15017986715765,190.17999267578125,45155200,26829500,84476300
2024-02-12,186.4752655029297,146.9971160888672,188.1300048828125,187.9897897322466,148.80057588309657,194.72999572753906,186.1165627960856,146.8376903646867,187.27999877929688,187.7406910525987,147.88390077456958,192.11000061035156,41781900,21564100,95498600
2024-02-13,184.37286376953125,144.6157684326172,184.02000427246094,185.53865891732192,146.14024101150272,187.25999450683594,182.84838113476025,143.17100872628671,182.11000061035156,185.10024282819998,144.3965618340097,183.99000549316406,56529500,27837700,86759500
2024-02-14,183.48606872558594,145.41287231445312,188.7100067138672,184.8610982078661,145.9907791994086,188.88999938964844,181.78224238811126,143.5695483675491,183.35000610351562,184.6518638454696,145.5523660312579,185.3000030517578,54630500,22704200,81203000
2024-02-15,183.19712829589844,142.2543182373047,200.4499969482422,183.82486181575325,143.00160923320863,200.8800048828125,180.69618309757163,139.9526644025084,188.86000061035156,182.88824837462906,142.62297693010822,189.16000366210938,65434500,37590700,120831800
2024-02-16,181.65269470214844,140.012451171875,199.9499969482422,184.18354546694673,142.6728054053805,203.1699981689453,181.0150027746939,139.6338188527591,197.39999389648438,182.75869330174024,142.47353083877866,202.05999755859375,49701400,31451100,111173600
2024-02-20,180.90541076660156,140.6102752685547,193.75999450683594,181.77226924950583,141.56681447608818,198.60000610351562,179.3510375405212,138.9861731026745,189.1300048828125,181.134577279735,139.15555724494791,196.1300048828125,53665600,25144700,104545800
2024-02-21,181.66268920898438,142.0351104736328,194.77000427246094,182.23062628266825,142.17460418355395,199.44000244140625,180.00867035619171,140.17185460093927,191.9499969482422,181.28405435734408,140.93907760734248,193.36000061035156,41529700,23315700,103844000
2024-02-22,183.70526123046875,143.56954956054688,197.41000366210938,184.29314557915657,144.47626632914975,198.32000732421875,181.80215916466838,142.28421567385627,191.36000061035156,182.81847067506192,144.40651186833028,194.0,52292200,27191900,92739500
2024-02-23,181.86196899414062,143.4400177001953,191.97000122070312,184.37287274793326,144.15740304546077,197.57000732421875,181.5730060105222,142.91191809295157,191.5,184.34298212256263,143.15105667715588,195.30999755859375,45119700,19493800,78841900
2024-02-26,180.50686645507812,137.0731201171875,199.39999389648438,182.10108884357552,141.92552536635725,201.77999877929688,179.99869543060538,136.89376235078677,192.0,181.5829745492965,141.6266058914734,192.2899932861328,40867400,53641800,111747100
2024-02-27,181.9715576171875,138.3783721923828,199.72999572753906,183.25690001064538,138.74703089223482,205.60000610351562,178.9126187804792,136.5948291340012,198.25999450683594,180.4470750372319,137.5214778925495,204.0399932861328,54318900,33099200,108645400
2024-02-28,180.7659149169922,135.8874053955078,202.0399932861328,182.45978277503792,137.511507557848,205.3000030517578,179.48057251285755,134.92090778300894,198.44000244140625,181.8519814326113,137.4019042655953,200.4199981689453,48953900,37328600,99806200
2024-02-29,180.09832763671875,137.95989990234375,201.8800048828125,181.91177314365308,138.35844905187955,205.27999877929688,178.88272498353265,135.90732769157543,198.4499969482422,180.6164570963822,136.7841540649648,204.17999267578125,136682600,42133000,85907000
2024-03-01,179.01226806640625,136.6446533203125,202.63999938964844,179.87912655443867,138.36840034880373,204.52000427246094,176.74048946042234,136.42544673822982,198.5,178.9026640457765,137.9299871846384,200.52000427246094,73488000,31119500,82099200
2024-03-04,174.4687042236328,132.86834716796875,188.13999938964844,176.26220237846417,135.17000103766665,199.75,173.16341449891394,131.43354600148837,186.72000122070312,175.51490641269265,135.17000103766665,198.72999572753906,81510100,55999400,134334900
2024-03-05,169.50665283203125,132.1907958984375,180.74000549316406,171.4197287337638,132.75874436377524,184.58999633789062,169.00845550750375,130.1980198718621,177.57000732421875,170.14434479927544,131.40365605755701,183.0500030517578,95132400,40194800,119660800
2024-03-06,168.51026916503906,130.9253692626953,176.5399932861328,170.6226362972693,133.09750287827276,181.5800018310547,168.07185305827852,130.37736805851614,173.6999969482422,170.44327734278693,132.63915773615787,179.99000549316406,68587700,35318600,107920900
2024-03-07,168.3907012939453,133.89462280273438,178.64999389648438,170.1144598371159,134.4525976438854,180.0399932861328,167.8825454793763,131.1346238166757,173.6999969482422,168.5401544147667,132.31035434571908,174.35000610351562,71765100,37738200,102129000
2024-03-08,170.1144561767578,134.92091369628906,175.33999633789062,173.0737495355564,137.59122645558892,182.72999572753906,168.33091642363513,133.5160028532053,174.6999969482422,168.39069767067738,133.7252510398313,181.5,76114600,39343100,85315300
2024-03-11,172.12718200683594,137.1727294921875,177.77000427246094,173.75131021022753,138.59757218986644,182.8699951171875,171.42970876738985,135.6382987137455,174.8000030517578,172.31649942978052,135.6382987137455,175.4499969482422,60139500,32437800,85391500
2024-03-12,172.60543823242188,137.99974060058594,177.5399932861328,173.40255698056936,138.87656692228538,179.42999267578125,170.39344092810595,136.53504899669008,172.41000366210938,172.52572483722957,136.53504899669008,177.77000427246094,59825400,27563400,87391700
2024-03-13,170.51303100585938,139.28506469726562,169.47999572753906,172.56560166885345,140.58037207166473,176.0500030517578,170.14435462584885,138.48796650102636,169.14999389648438,172.14711771653415,138.4979249071936,173.0500030517578,52488700,23347200,106524500
2024-03-14,172.37628173828125,142.5831298828125,162.5,173.68155635236576,143.07135027588964,171.1699981689453,171.4297098215142,139.95266615248607,160.50999450683594,172.286609864896,140.68002514056542,167.77000427246094,72913500,42753400,126325700
2024-03-15,171.99765014648438,140.6700439453125,163.57000732421875,171.99765014648438,142.66281985185842,165.17999267578125,169.6760486454164,139.52420388051803,160.75999450683594,170.5528808562992,141.98528334139613,163.16000366210938,121664700,49460600,96971900
2024-03-18,173.0936737060547,147.14657592773438,173.8000030517578,177.0692936926196,151.6004316065011,174.72000122070312,172.89439782384204,146.63842350936574,165.89999389648438,174.9370098250161,148.07322469496503,170.02000427246094,75604200,69273700,108214400
2024-03-19,175.4451904296875,146.49893188476562,171.32000732421875,175.97327843397125,148.25256935681344,172.82000732421875,172.40618338367324,145.55236629021525,167.4199981689453,173.7114580811964,147.6248552319126,172.36000061035156,55215200,24070400,77271400
2024-03-20,178.0258331298828,148.2027587890625,175.66000366210938,178.0258331298828,148.3223204856581,176.25,174.45873840154812,146.20998275953795,170.82000732421875,175.08647190626633,147.46542618481558,173.0,53423100,21311500,83846700
2024-03-21,170.75213623046875,147.06687927246094,172.82000732421875,176.85008146724155,149.82686316822054,178.17999267578125,170.2240483134294,146.36939548869663,171.8000030517578,176.41166541450514,148.93012002291613,176.38999938964844,106181300,24755600,73178000
2024-03-22,171.6588592529297,150.22543334960938,170.8300018310547,172.42608734653942,151.0325052525323,171.1999969482422,169.44686204033275,148.44189019287876,166.3000030517578,171.14072980755137,148.58138391432624,166.69000244140625,71106600,29175700,75454700
2024-03-25,170.23403930664062,149.5279541015625,172.6300048828125,171.32010587263267,149.8368319482388,175.24000549316406,168.83907761478048,147.28608110690303,168.72999572753906,169.9550500090239,149.3984187966953,168.75999450683594,54288300,19229300,74228600
2024-03-26,169.09814453125,150.1257781982422,177.6699981689453,170.80197088667242,151.71003147002185,184.25,168.96860836017046,149.43826804536724,177.3800048828125,169.38709229314748,149.67740663878985,178.5800018310547,57388400,22149100,113186200
2024-03-27,172.68515014648438,150.32504272460938,179.8300018310547,172.97411310204996,151.09226569075258,181.91000366210938,169.49669038501753,148.3621572785026,176.0,169.79561181348092,150.63392055153534,181.41000366210938,60273300,22879200,81804000
2024-03-28,170.8617401123047,150.3848419189453,175.7899932861328,171.60903605513778,150.88303594669563,179.57000732421875,169.89523614327186,149.6275924700879,175.3000030517578,171.13077090878156,150.3051442537394,177.4499969482422,65672700,24485400,77654800
2024-04-01,169.4169921875,154.92837524414062,175.22000122070312,170.6325949561908,155.1774722435792,176.75,168.86897205345468,150.0659969499238,170.2100067138672,170.5728137058907,150.14570981418507,176.1699981689453,46240500,31730800,81562100
2024-04-02,168.23126220703125,154.00173950195312,166.6300048828125,168.7294595117456,154.14123322526856,167.69000244140625,167.62346088712874,151.60044057575317,163.42999267578125,168.4704023866532,152.94557056775412,164.75,49329500,24586000,116650600
2024-04-03,169.03836059570312,154.3604278564453,168.3800048828125,170.0646459557495,154.5198535860717,168.82000732421875,167.9722261359459,152.17833569366672,163.27999877929688,168.18146051603773,153.04520359621367,164.02000427246094,47691700,24705000,82950100
2024-04-04,168.21136474609375,149.98629760742188,171.11000061035156,171.30017927084614,154.21098857209273,177.19000244140625,168.21136474609375,149.90658473597423,168.00999450683594,169.67605100414067,152.9455714438344,170.07000732421875,53704400,34724700,123162000
2024-04-05,168.96861267089844,151.9491729736328,164.89999389648438,169.77568993392828,152.86584812713113,170.86000061035156,168.3408791535302,149.05965379855488,160.50999450683594,168.97857114439864,149.48809334917573,169.0800018310547,42055200,23449300,141250700
2024-04-08,167.84268188476562,154.29067993164062,172.97999572753906,168.58997789957206,154.70916104563747,174.5,167.6334475147346,152.0587654533173,167.7899932861328,168.42059262733576,152.22814958014885,169.33999633789062,37425500,20702000,104423300
2024-04-09,169.0582733154297,156.0343780517578,176.8800048828125,169.46679875844995,157.9872901575065,179.22000122070312,167.74304032326918,154.62946722230032,171.9199981689453,168.09176931793073,155.5262104050272,172.91000366210938,42451200,31113000,103232700
2024-04-10,167.17507934570312,155.57601928710938,171.75999450683594,168.48035379673388,156.04432285610454,174.92999267578125,166.50749680982383,154.12128614016555,170.00999450683594,168.19140606177325,155.6457737437859,173.0399932861328,49709300,22838600,84532400
2024-04-11,174.40892028808594,158.83421325683594,174.60000610351562,174.8274194382653,159.10322706769728,175.8800048828125,167.55373514215378,155.89487172481208,168.50999450683594,167.73307888899373,156.34324327992178,172.5500030517578,91070300,27166400,94516000
2024-04-12,175.91348266601562,157.1602783203125,171.0500030517578,177.71695459263955,159.64128996632022,173.80999755859375,173.58192277868224,156.57241303671086,170.36000061035156,173.63173034934167,157.3894585118247,172.33999633789062,101593300,25329200,64506600
2024-04-15,172.0673828125,154.3006591796875,161.47999572753906,175.9931798985106,158.664843849483,170.69000244140625,171.8780654093003,154.0316301401818,161.3800048828125,174.7277545222084,158.28621151267316,170.24000549316406,73531800,27136500,100245300
2024-04-16,168.7693328857422,153.84230041503906,157.11000061035156,173.13353117115574,155.0877854093437,158.19000244140625,167.6633342016507,152.87580284316473,153.75,171.1307833718662,153.63306745005346,156.74000549316406,73711200,20779500,97000000
2024-04-17,167.39430236816406,154.908447265625,155.4499969482422,170.0347421275801,156.5126325919776,158.3300018310547,167.39430236816406,154.02166253265213,153.77999877929688,168.99849837401,155.05789938771466,157.63999938964844,50901200,21763100,82439700
2024-04-18,166.437744140625,155.4464874267578,149.92999267578125,168.0319815519269,156.37313617874938,152.1999969482422,165.94952052629202,154.06150870581618,148.6999969482422,167.4241802492927,154.7789092868179,151.25,43122900,19883000,96098800
2024-04-19,164.40512084960938,153.53341674804688,147.0500030517578,165.80006730864108,155.79522166897988,150.94000244140625,163.48843957599198,151.74988899343913,146.22000122070312,165.610765092168,155.63579594687147,148.97000122070312,67772100,32239100,86005100
2024-04-22,165.24208068847656,155.7155303955078,142.0500030517578,166.65695922918923,157.07061881394438,144.44000244140625,164.17594634744867,153.50354760653522,138.8000030517578,164.9232423149658,153.75264463048552,140.55999755859375,48116400,26446200,107097600
2024-04-23,166.29824829101562,157.6883544921875,144.67999267578125,166.44771659935518,158.39579663975618,147.25999450683594,164.32539129188558,155.71551057070164,141.11000061035156,164.75384886459605,156.3930622954958,143.3300018310547,49537800,21151600,124545100
2024-04-24,168.41062927246094,158.55523681640625,162.1300048828125,168.68961856026672,158.99364999529317,167.97000122070312,165.61076271741103,156.60230952963957,157.50999450683594,165.93955957507254,156.92116100653016,162.83999633789062,48251800,22779100,181178000
2024-04-25,169.27749633789062,155.43653869628906,170.17999267578125,169.9949017439694,155.9247743232095,170.8800048828125,167.54376407257087,150.32506303936958,158.36000061035156,168.91879363485126,150.78340824052708,158.9600067138672,50558300,57109700,126427500
2024-04-26,168.6896209716797,171.3289337158203,168.2899932861328,170.72225941243215,174.0789746497095,172.1199951171875,168.57004327249933,169.03723800547138,166.3699951171875,169.26753170576032,173.7401911350597,168.85000610351562,44838400,64665300,109815700
2024-04-29,172.8744659423828,165.5498504638672,194.0500030517578,175.39534310552878,168.93757858850364,198.8699951171875,172.47591417733986,164.6132585695745,184.5399932861328,172.74492977704497,168.4493430236542,188.4199981689453,68169400,45610000,243869700
2024-04-30,169.7158966064453,162.19204711914062,183.27999877929688,174.35909916149876,167.49283889377236,190.9499969482422,169.38708455902474,162.01270456618366,182.83999633789062,172.70508045160457,165.01182715214094,186.97999572753906,65934800,33562900,127031800
2024-05-01,168.6896209716797,163.2681427001953,179.99000549316406,172.08733045132695,166.51636219465024,185.86000061035156,168.50030355143892,162.50091966243357,179.00999450683594,168.96861026347364,163.7065558646306,182.0,50383100,33493200,92829700
2024-05-02,172.4061737060547,166.01817321777344,180.00999450683594,172.7947670308616,166.12777651220736,184.60000610351562,170.27388965643632,163.2980380787729,176.02000427246094,171.8880442050533,164.19478124874115,182.86000061035156,94214900,24294500,89148000
2024-05-03,182.71884155273438,166.63592529296875,181.19000244140625,186.32578503963057,167.35332582922283,184.77999877929688,182.0014362443012,162.46105737339033,178.4199981689453,185.9770408577792,166.95476152926307,182.10000610351562,163224100,34662400,75491500
2024-05-06,181.05487060546875,167.49282836914062,184.75999450683594,183.53588344480866,167.53267719940203,187.55999755859375,179.76951304919194,165.43029791768583,182.1999969482422,181.69256254536748,166.85514065923815,183.8000030517578,78569700,21871300,84390300
2024-05-07,181.7423858642578,170.63143920898438,177.80999755859375,184.23337259597065,171.13959159841556,183.25999450683594,180.66629297548113,167.78176901755162,177.39999389648438,182.78860333233249,167.8913723019788,182.39999389648438,77305800,28039700,75045900
2024-05-08,182.08116149902344,168.76820373535156,174.72000122070312,182.40997355379537,169.53541154611568,176.05999755859375,180.79580390275353,168.13051602565162,170.14999389648438,182.19076551728074,168.3895714314542,171.58999633789062,45057100,19569100,79969500
2024-05-09,183.90457153320312,169.3461151123047,171.97000122070312,183.9942434045937,170.07347411221014,175.6199951171875,181.4534339554284,167.57253044363202,171.3699951171875,181.90180851615733,168.77816664131814,175.00999450683594,48983000,15346700,65950300
2024-05-10,182.63742065429688,168.0408477783203,168.47000122070312,184.67281593274453,169.23652566691624,173.05999755859375,181.71949609935797,165.58974155478566,167.75,184.4832417440643,167.42309201857475,173.0500030517578,50759500,29799900,72627200
2024-05-13,185.8601531982422,168.52906799316406,171.88999938964844,186.67831235597092,168.66856170690536,175.39999389648438,184.20389092118026,163.40763421198423,169.0,185.022050078909,163.6666896221682,170.0,72044800,31327600,67018900
2024-05-14,187.00755310058594,169.7247314453125,177.5500030517578,187.87560260141976,170.63144819115178,179.49000549316406,185.87012310151908,168.19030058623227,174.07000732421875,187.0873746193062,169.15679818060167,174.5,52393600,25127100,86407400
2024-05-15,189.2924041748047,171.88690185546875,173.99000549316406,190.2203008031565,172.02639557823605,180.0,186.9476945906926,169.89412569954976,173.11000061035156,187.48648604697289,170.01370260740424,179.89999389648438,70400000,26948400,79663000
2024-05-16,189.41212463378906,173.5508575439453,174.83999633789062,190.66929452090585,174.48746471273262,175.7899932861328,189.23253763528552,172.06624912861932,171.42999267578125,190.04070957734746,172.66407281675458,174.10000610351562,52845200,27867900,59812200
2024-05-17,189.4420623779297,175.42408752441406,177.4600067138672,190.3799462232965,175.63333571630895,179.6300048828125,188.75361507763282,173.06265257817327,172.75,189.082873144053,173.55087301980143,173.5500030517578,41282900,24479300,77445800
2024-05-20,190.6094207763672,176.2809600830078,174.9499969482422,191.48744227389747,178.12428393255783,177.75,188.58399727816297,175.44399782638283,173.52000427246094,188.90328335886426,175.55360111263187,177.55999755859375,44361300,22554400,61727400
2024-05-21,191.91647338867188,177.20761108398438,186.60000610351562,192.295606563888,177.50651531969976,186.8800048828125,190.48968851208156,175.1749710590742,174.7100067138672,190.65930352654095,176.2610303253048,175.50999450683594,42309400,16989400,115266500
2024-05-22,190.46974182128906,175.74293518066406,180.11000061035156,192.3854279059742,176.51014305895768,183.8000030517578,189.84117207338795,174.57716294643,178.1199951171875,191.83666445590288,176.00199060926866,182.85000610351562,34648500,17880000,88313500
2024-05-23,186.45880126953125,172.9231414794922,173.74000549316406,190.5695104450197,177.60616206688846,181.89999389648438,186.20936473753514,172.3253025944312,173.25999450683594,190.54955125962866,176.43043151758945,181.8000030517578,51005900,21024900,71975500
2024-05-24,189.5518035888672,174.35794067382812,179.24000549316406,190.15045735054443,175.13512209343565,180.0800018310547,187.61617368042806,173.02276920607682,173.72999572753906,188.3944296603675,174.34796706352915,174.83999633789062,36294600,16572500,65479700
2024-05-28,189.56179809570312,175.76283264160156,176.75,192.5650085513949,176.62970051801975,178.25,188.67380462379438,173.7401662694157,173.16000366210938,191.07836129474845,173.8198791318262,176.39999389648438,52280100,20572200,59736600
2024-05-29,189.86111450195312,175.2646484375,176.19000244140625,191.81670371975596,176.20125561851225,178.14999389648438,189.0828736970108,174.08891785958235,173.92999267578125,189.18265440509,174.7963448469939,174.19000244140625,53068000,23388700,54782600
2024-05-30,190.85885620117188,171.4883575439453,178.7899932861328,191.74684967437963,174.5871251619717,182.6699981689453,190.2003553062749,171.1695060522383,175.3800048828125,190.33005195445256,174.56719314282103,178.5800018310547,49947900,22958700,77784800
2024-05-31,191.8166961669922,171.87692260742188,178.0800018310547,192.13598224075488,172.43489743083498,180.32000732421875,189.4819738440947,168.82797789114755,173.82000732421875,191.00852422632752,171.23923492299636,178.5,75158300,37638900,67314600
2024-06-03,193.59266662597656,172.5445098876953,176.2899932861328,194.55050954143104,173.89959818960278,182.63999938964844,192.0860755575436,170.5417754606809,174.49000549316406,192.46520870740554,171.91678057614513,178.1300048828125,50080500,27459100,68568900
2024-06-04,193.91195678710938,173.16226196289062,174.77000427246094,194.87977170290745,173.22205801333217,177.75999450683594,192.59492465346364,171.26913086477708,174.0,194.20129645164835,172.65410956169362,174.77999877929688,47471400,26879600,60056300
2024-06-05,195.42852783203125,174.77642822265625,175.0,196.45620511862302,176.01193965114072,176.14999389648438,194.43078171111515,173.30176298965736,172.1300048828125,194.95958593724887,174.56718004646223,175.35000610351562,54156800,22068500,57953800
2024-06-06,194.04165649414062,176.09164428710938,177.94000244140625,196.05710787096342,176.51012541626176,179.72999572753906,193.7323576402732,175.11518831908717,172.72999572753906,195.24893596907827,175.2646404353294,174.60000610351562,41181800,23251000,69887000
2024-06-07,196.4462432861328,173.82984924316406,177.47999572753906,196.49613363963536,177.22752061344144,179.35000610351562,193.70244131187536,173.67042352155187,175.5800018310547,194.21128637904513,176.41049039660777,176.1300048828125,53103900,19661400,56244900
2024-06-10,192.68472290039062,174.57798767089844,173.7899932861328,196.85530953542744,176.62293035262113,178.57000732421875,191.7169079607164,172.33354172730304,173.1699981689453,196.45620195884163,174.53809310697318,176.05999755859375,97262100,23779200,50869700
2024-06-11,206.68310546875,176.18402099609375,170.66000366210938,206.6930926736998,176.4034791591506,174.75,193.1935887051364,173.3410651546964,167.41000366210938,193.21353266624035,175.7850144566034,173.9199981689453,172373300,21540600,64761900
2024-06-12,212.58978271484375,177.35113525390625,177.2899932861328,219.7037025197263,179.96467837839828,180.5500030517578,206.43367547843766,175.67528948350602,169.8000030517578,206.902617394007,177.810006484063,171.1199951171875,198134300,27864700,90389400
2024-06-13,213.75714111328125,174.72763061523438,182.47000122070312,216.2614784743462,176.3037322967602,191.0800018310547,211.12309188063193,174.44832299786256,181.22999572753906,214.25601418934664,175.67528254711183,188.38999938964844,97862700,20913300,118984100
2024-06-14,212.01107788085938,176.35360717773438,178.00999450683594,214.68503016669274,176.6229449751787,186.0,210.8237575657328,173.72012432806883,176.9199981689453,213.36801320894725,173.78995884712361,185.8000030517578,70122700,18063600,82038200
2024-06-17,216.18165588378906,176.80250549316406,187.44000244140625,218.45651588142053,177.9197360095358,188.80999755859375,212.2405616472853,174.37849580074237,177.0,212.88909055319678,175.02690047059144,177.9199981689453,93728300,19618500,109786100
2024-06-18,213.8070068359375,174.6577911376953,184.86000061035156,218.13723651623954,176.9521166904513,187.1999969482422,212.5199210550432,173.67024466902018,182.3699951171875,217.09957203800778,176.7027338090892,186.55999755859375,79943300,21869900,68982300
2024-06-20,209.20741271972656,175.86480712890625,181.57000732421875,213.75714811087835,176.85235357595167,185.2100067138672,208.37929678381894,174.5580432945699,179.66000366210938,213.44783400509766,174.9370949155744,184.67999267578125,86172500,20160100,55893100
2024-06-21,207.02235412597656,179.1865997314453,183.00999450683594,211.41243109582913,180.40358945734673,183.9499969482422,206.64320571720273,176.1740501459251,180.69000244140625,209.91581187096148,176.5630868470822,182.3000030517578,246421400,58582700,63029500
2024-06-24,207.67086791992188,178.77760314941406,182.5800018310547,212.22058759649926,180.44347898846334,188.8000030517578,206.1243584552299,178.22895776023654,182.5500030517578,207.25181639438415,179.715285228895,184.97000122070312,80727000,18298000,61992100
2024-06-25,208.59878540039062,183.5757293701172,187.35000610351562,210.90357646615678,183.8350820927234,187.97000122070312,208.13981549353107,178.97710832976765,182.00999450683594,208.67859169129048,179.17661159493576,184.39999389648438,56713900,23235600,63678300
2024-06-26,212.7693634033203,183.42611694335938,196.3699951171875,214.37573529051122,184.05455150601273,197.75999450683594,210.16524538059215,182.02956355953378,186.36000061035156,211.0233076661301,182.17920243340316,186.5399932861328,66213200,19839000,95737100
2024-06-27,213.61746215820312,184.95233154296875,197.4199981689453,215.25376527623442,185.59075113718478,198.72000122070312,211.8714063519454,183.56576327329066,194.0500030517578,214.2061287476001,183.72535675600184,195.1699981689453,49772700,18848900,72746500
2024-06-28,210.14527893066406,181.7003631591797,197.8800048828125,215.58300736088682,184.6730180950996,203.1999969482422,209.8260080950157,181.51084495311952,195.25999450683594,215.28368048569334,183.86501998647395,199.5500030517578,82542700,29156600,95438100
2024-07-01,216.261474609375,182.53829956054688,209.86000061035156,217.01975619065925,183.42610201051411,213.22999572753906,211.4423589537816,180.8524688449508,200.85000610351562,211.61197396968475,182.5781941243229,201.02000427246094,60402900,16006100,135691400
2024-07-02,219.77354431152344,184.7827606201172,231.25999450683594,219.88329699479613,185.111947877425,231.3000030517578,214.61519864650157,181.11183638621065,218.05999755859375,215.66281990345283,181.60063235393275,218.88999938964844,58046200,17372500,205047900
2024-07-03,221.0506591796875,185.36131286621094,246.38999938964844,221.0506591796875,185.63063541524275,248.35000610351562,218.53633465750286,183.54579820822966,234.25,219.50414962607874,184.39370608187988,234.55999755859375,37369800,10242100,166561500
2024-07-05,225.82984924316406,190.12953186035156,251.52000427246094,225.93960192344272,190.3888846005825,252.3699951171875,221.15041758535088,185.34137706531277,242.4600067138672,221.15041758535088,185.40122652681802,249.80999755859375,60412400,20967500,154501200
2024-07-08,227.30653381347656,188.56338500976562,252.94000244140625,227.33646497984205,189.70057035182427,259.44000244140625,222.74682662809306,187.31647058991524,244.57000732421875,226.57816816685514,189.43123257522205,247.7100067138672,59085900,21035900,157219600
2024-07-09,228.16458129882812,188.5135040283203,262.3299865722656,228.8829597417087,190.88763393734175,265.6099853515625,225.85979013808537,188.25415131046745,250.3000030517578,227.41627168952732,189.8402227880015,251.0,48076100,15121400,160210900
2024-07-10,232.4548797607422,190.70806884765625,263.260009765625,232.55466045949046,191.27666912067295,267.5899963378906,228.73329110826765,188.56338216630394,257.8599853515625,228.78318145764177,188.6830810780451,262.79998779296875,62627700,15952500,128519400
2024-07-11,227.05709838867188,185.1119384765625,241.02999877929688,231.86622690917008,190.38887371973013,271.0,225.26115227596378,184.62314253366378,239.64999389648438,230.86848076037649,189.38137232601392,263.29998779296875,64710600,25625800,221707300
2024-07-12,230.0203857421875,184.61317443847656,248.22999572753906,232.11565870158282,186.64813213816686,251.83999633789062,228.1645773343909,184.03460430299506,233.08999633789062,228.40404188598967,184.6231442745435,235.8000030517578,53046500,22898400,155955800
2024-07-15,233.87168884277344,186.06956481933594,252.63999938964844,236.69531224247876,187.7753505222774,265.6000061035156,232.5646438368613,184.46353836306906,251.72999572753906,235.94700263838575,184.46353836306906,255.97000122070312,62631300,16474000,146912900
2024-07-16,234.29075622558594,183.46600341796875,256.55999755859375,235.73748508570134,188.21424818283919,258.6199951171875,231.80636285277686,182.91735801356307,245.8000030517578,234.4703432233226,186.8975144333893,255.30999755859375,43234300,18290700,126332500
2024-07-17,228.3641357421875,180.5731658935547,248.5,230.93832254659503,183.09691950366312,258.4700012207031,226.12917896312734,179.4559202044025,246.17999267578125,228.9328431112231,182.5183493766844,252.72999572753906,57345900,20734100,115584800
2024-07-18,223.67471313476562,177.2513885498047,249.22999572753906,229.92061345724463,182.04951300513554,257.1400146484375,221.7690296564846,176.03439880682015,247.1999969482422,229.76097042757166,181.48091269947318,251.08999633789062,66034600,25315700,110869000
2024-07-19,223.80442810058594,177.22145080566406,239.1999969482422,226.28882140195597,179.84494831307,249.44000244140625,222.77675082247163,176.69276032578057,236.8300018310547,224.31328836166992,178.43844045927736,247.7899932861328,49151500,18881900,87403900
2024-07-22,223.45523071289062,181.22154235839844,251.50999450683594,227.26661302541467,182.24899856631816,253.2100067138672,222.58718122432802,179.78509459012787,243.75,226.4983442399413,180.1442065321955,244.2100067138672,48201800,24100300,101225400
2024-07-23,224.5028533935547,181.34124755859375,246.3800048828125,226.42851135969482,183.15676222347483,255.75999450683594,222.1781030613285,181.09186467964565,245.6300048828125,223.86429647317826,181.60061549421846,253.60000610351562,39960300,36352700,111928200
2024-07-24,218.04742431640625,172.20388793945312,215.99000549316406,224.29332459793014,175.75509806112905,225.99000549316406,216.64061389677994,171.39588976494113,214.7100067138672,223.4951246791964,173.1714948257791,225.4199981689453,61777600,49585200,167942900
2024-07-25,216.99981689453125,166.86708068847656,220.25,220.35224458682225,172.9919239516059,226.0,214.13627507494223,166.77730649977468,216.22999572753906,218.4365585703147,172.09415162233938,216.8000030517578,51391200,44852000,100636500
2024-07-26,217.46875,166.5877685546875,219.8000030517578,218.99530033853074,167.67507428919038,222.27999877929688,215.52313289555326,163.65502336750666,215.3300018310547,218.20707238174316,166.73739219847286,221.19000244140625,41601300,41336900,94604100
2024-07-29,217.7481231689453,169.1115264892578,232.10000610351562,218.80573164190093,170.00929881723164,234.27000427246094,215.26372979848315,167.57533456289457,224.6999969482422,216.47100932714253,168.41325743181997,224.89999389648438,36311800,20293800,129201800
2024-07-30,218.30685424804688,169.86964416503906,222.6199951171875,219.8334045947242,170.80732627515368,232.41000366210938,215.63288672795753,168.0242198953097,220.0,218.6959746261333,169.81977976349475,232.25,41643800,18959700,100560300
2024-07-31,221.5794677734375,171.11654663085938,232.07000732421875,223.3155515626994,173.81986369028056,234.67999267578125,220.13273889458495,169.59032465517112,226.7899932861328,220.94091084366266,172.81236235595543,227.89999389648438,50036300,25729100,67497000
2024-08-01,217.8678436279297,170.33848571777344,216.86000061035156,223.9740450176905,173.62037311276333,231.8699951171875,216.53086747941563,168.46313671318876,214.3300018310547,223.86429233538576,169.82975009576955,227.69000244140625,62501000,24531400,83861900
2024-08-02,219.3644561767578,166.24862670898438,207.6699981689453,225.0915242198944,168.09405110957144,216.1300048828125,217.21930817086155,164.2635332665733,205.77999877929688,218.65604975341137,166.02916853058215,214.8800048828125,105568600,29130100,82880100
2024-08-05,208.79833984375,158.85690307617188,198.8800048828125,213.0188017705649,164.02410932064197,203.8800048828125,195.55824424838744,154.54755937261288,182.0,198.64127617987643,155.11615967563407,185.22000122070312,119548600,53630700,100308800
2024-08-06,206.76292419433594,157.89927673339844,200.63999938964844,209.51671322927783,160.1736628779792,202.89999389648438,200.6168196653937,156.02392759895886,192.6699981689453,204.83728149035767,158.93671816371597,200.75,69660500,49004600,73783900
2024-08-07,209.34710693359375,158.54766845703125,191.75999450683594,213.15848935419993,162.57768925896593,203.49000549316406,205.9248296826355,158.07882740651024,191.47999572753906,206.43367474426563,160.8519639234384,200.77000427246094,63516400,25138600,71159800
2024-08-08,212.8292236328125,161.63003540039062,198.83999633789062,213.71721707569145,163.2859414220711,200.6999969482422,208.35932525259923,159.81453589918704,192.0399932861328,212.6296774525561,160.11378318649506,195.6999969482422,47161100,25578800,65033900
2024-08-09,215.7526397705078,163.2659912109375,200.0,216.29141600978787,163.38569012929312,200.8800048828125,211.4922593126285,158.66737003691415,195.11000061035156,211.62197118803232,159.61502198985195,197.0500030517578,42201600,28602300,58648300
2024-08-12,217.2909393310547,161.88938903808594,197.49000549316406,219.26875909808805,164.49294700024495,199.25999450683594,215.36306766380915,161.44050288346338,194.6699981689453,215.83255236617862,163.94431682299714,199.02000427246094,38028100,15895300,64044900
2024-08-13,221.02682495117188,163.75477600097656,207.8300018310547,221.646138683676,164.32336104553403,208.49000549316406,218.76929897291208,162.56771107111587,197.05999755859375,218.76929897291208,163.0066273700011,198.47000122070312,44155300,18551700,76247400
2024-08-14,221.47633361816406,159.97412109375,201.3800048828125,222.7848915052682,162.81709194492808,208.44000244140625,219.45854930599305,157.32069888325617,198.75,220.3276035510778,161.9991088123198,207.38999938964844,41960600,40591100,70250000
2024-08-15,224.47303771972656,160.90185546875,214.13999938964844,225.10235023777113,161.24101257094563,215.8800048828125,222.5151850202656,159.21602457337346,204.82000732421875,224.35317447515422,160.1038271180178,205.02000427246094,46414000,31524300,89848500
2024-08-16,225.80157470703125,162.55775451660156,216.1199951171875,226.5807162697698,164.65256172180474,219.8000030517578,223.40420315535758,160.7322698813447,210.8000030517578,223.67391069385005,161.0714269686932,211.14999389648438,44340200,24208600,88765100
2024-08-19,225.64175415039062,166.2585906982422,222.72000122070312,225.74165035068273,166.27854559224733,222.97999572753906,222.79488010428776,163.8545358782874,214.08999633789062,225.4719428035102,164.87202237680913,217.07000732421875,40687800,22416200,76435200
2024-08-20,226.2610626220703,166.76731872558594,221.10000610351562,226.92034094772856,168.2237214990038,228.22000122070312,225.20222998863,166.4082219766287,219.55999755859375,225.52188562847152,166.48801110675902,224.8800048828125,30299000,18341500,74001200
2024-08-21,226.15118408203125,165.44061279296875,223.27000427246094,227.7294495174454,166.43814433776538,224.66000366210938,224.80267685471037,164.26351765512456,218.86000061035156,226.2710625686077,164.74232853471239,222.6699981689453,34765500,22902000,70146000
2024-08-22,224.2832489013672,163.3956756591797,210.66000366210938,228.08905941841815,167.17631364571102,224.8000030517578,223.65393636981634,162.90687970594058,210.32000732421875,227.53966079897057,166.84712639815703,223.82000732421875,43695300,22493300,79514500
2024-08-23,226.5906982421875,165.211181640625,220.32000732421875,227.96918649391685,165.7697969111162,221.47999572753906,224.0834622297127,163.42560674236745,214.2100067138672,225.41200238324527,164.3134092732105,214.4600067138672,38677300,13955700,81525200
2024-08-26,226.93032836914062,165.74984741210938,213.2100067138672,227.03022456881217,167.13641566956838,219.08999633789062,223.64395069142014,164.05404680689762,211.00999450683594,226.5107917661563,165.96930557266754,218.75,30602200,14190400,59301200
2024-08-27,227.77938842773438,164.2734832763672,209.2100067138672,228.5984945445466,166.02914849168488,215.66000366210938,224.64283997153836,164.05404034557552,206.94000244140625,225.75162066501636,165.4306234917133,213.25,35934600,11821900,62821400
2024-08-28,226.2410888671875,162.44801330566406,205.75,229.6073802985885,165.19122497190503,211.83999633789062,225.4319662685897,161.13126439972936,202.58999633789062,227.6695099550691,164.63259453776357,209.72000122070312,38052200,16407400,64116400
2024-08-29,229.53746032714844,161.3806610107422,206.27999877929688,232.66402541964027,165.56032084961527,214.88999938964844,228.62847197635801,159.85443888061718,205.97000122070312,229.8471324488683,163.90441474074623,209.8000030517578,51906300,19699800,62308800
2024-08-30,228.7483367919922,162.97671508789062,214.11000061035156,230.14679214282077,163.2560227137605,214.57000732421875,227.23000295250677,161.2908842753107,207.02999877929688,229.93703146120657,162.21858134242328,208.6300048828125,52990800,22123800,63370600
2024-09-03,222.52517700195312,156.9715576171875,210.60000610351562,228.74832587928796,161.45047953659505,219.89999389648438,220.92692932694945,156.0937250254868,209.63999938964844,228.29882348382426,161.3207955706967,215.25999450683594,50190600,38945300,76714200
2024-09-04,220.6072998046875,156.06381225585938,219.41000366210938,221.53627045160738,158.60752082271256,222.22000122070312,217.24099295020864,155.57503152440304,210.57000732421875,221.4164072047842,156.2733005844292,210.58999633789062,43840200,19353800,80651800
2024-09-05,222.13560485839844,156.85186767578125,230.1699981689453,225.23218875186365,159.05640389536052,235.0,221.2765494057299,155.59496817105187,222.25,221.38642912323468,155.9141855757843,223.49000549316406,36615400,18688700,119355000
2024-09-06,220.57733154296875,150.54745483398438,210.72999572753906,224.99247224215048,157.44040127478374,233.60000610351562,219.5284824188554,150.17837304317212,210.50999450683594,223.7038813850335,156.91171078806016,232.60000610351562,48423000,37912100,112177000
2024-09-09,220.66722106933594,148.53976440429688,216.27000427246094,221.0268260349447,153.2243825181643,219.8699951171875,216.47183996524672,147.05146466034253,213.6699981689453,220.57732363843863,152.3354019943942,216.1999969482422,67180000,39260500,67443500
2024-09-10,219.86810302734375,148.4898223876953,226.1699981689453,221.23659254048482,151.0968351518263,226.39999389648438,216.49181271910507,148.17018139774882,218.63999938964844,218.67940838073807,150.27776654607942,220.07000732421875,51591000,31118800,78891100
2024-09-11,222.41529846191406,150.98695373535156,228.1300048828125,222.84481857216005,151.3265608410383,228.47000122070312,217.65053646391294,147.35112146407118,216.8000030517578,221.21662032032157,149.7483678165099,224.5500030517578,44587100,29607700,83548600
2024-09-12,222.52517700195312,154.51292419433594,229.80999755859375,223.30431855196207,154.64278025669208,231.4499969482422,219.57842214055833,152.4752509078758,223.8300018310547,222.25546946786713,153.623943613462,224.66000366210938,37498200,29695000,72020000
2024-09-13,222.25547790527344,157.27975463867188,230.2899932861328,223.7937787761964,158.19869964127616,232.6699981689453,221.66612995902517,155.0323303223496,226.32000732421875,223.33429284055268,155.25206445570748,228.0,36766600,29591200,59515100
2024-09-16,216.082275390625,157.87905883789062,226.77999877929688,216.98128020943747,158.06884377455685,229.9600067138672,213.6849038037586,156.42073870376782,223.52999877929688,216.302019591785,157.12991739820077,229.3000030517578,59357400,18379800,54323000
2024-09-17,216.55174255371094,159.1376190185547,227.8699951171875,216.6616222741377,160.36620665654814,234.57000732421875,214.26426595466958,158.1986926846348,226.5500030517578,215.51289221314667,158.83795940795798,229.4499969482422,45519300,20715600,66761600
2024-09-18,220.4474639892578,159.62705993652344,227.1999969482422,222.46524827574677,160.31627251867317,235.67999267578125,217.30091669603667,158.41845358227067,226.8800048828125,217.31091546092293,159.67700574881235,230.08999633789062,59894900,23677300,78010200
2024-09-19,228.61846923828125,161.9543914794922,243.9199981689453,229.56743739121873,163.602496564332,244.24000549316406,224.38313871157,161.15530422207948,232.1300048828125,224.74274368478322,163.52260155578028,234.0,66781300,26587700,102694600
2024-09-20,227.94920349121094,163.40272521972656,238.25,232.83382873595048,163.5425643438158,243.99000549316406,227.36983908638868,161.87447792027933,235.9199981689453,229.7172625160979,163.31283190595235,241.52000427246094,318679900,40896400,99879100
2024-09-23,226.2211151123047,161.6647186279297,250.0,229.19783588273827,165.30055091054933,250.0,225.56183678133013,161.4849167682097,241.9199981689453,227.09015412184934,164.16185660339156,242.61000061035156,54146000,24150900,86927200
2024-09-24,227.1201171875,162.1042022705078,254.27000427246094,229.09795215651428,163.03314552379246,257.19000244140625,225.48192014495527,160.50604310941137,249.0500030517578,228.39870925768025,162.84336059885683,254.0800018310547,43556100,23332100,88491000
2024-09-25,226.1212158203125,161.3051300048828,257.0199890136719,227.04020291666632,162.62361092925534,257.04998779296875,223.77380760174057,161.11534508030692,252.27999877929688,224.6827959331431,161.28514863352729,252.5399932861328,42308700,18869200,65034300
2024-09-26,227.26995849609375,162.543701171875,254.22000122070312,228.24887720276465,163.89216177797897,261.75,225.16227678839184,162.0942193836139,251.52999877929688,227.05019905798116,163.4526630547652,260.6000061035156,36636700,20319300,67142200
2024-09-27,227.53965759277344,163.76231384277344,260.4599914550781,229.26776733886913,165.51031051590132,260.70001220703125,227.05020584581527,162.44383284910126,254.1199951171875,228.20893469195548,162.6236194767887,257.3800048828125,34026000,21101300,70988100
2024-09-30,232.7439422607422,165.66014099121094,261.6300048828125,232.7439422607422,165.9597853581085,264.8599853515625,229.39761768078608,163.0730944402025,255.77000427246094,229.78718847660608,163.1330385549028,259.0400085449219,54541900,20413900,80705700
2024-10-01,225.96141052246094,166.79884338378906,258.0199890136719,229.3976172900359,168.9663574434244,263.9800109863281,223.49412373913023,164.39159857770997,248.52999877929688,229.2677705196639,167.49803900926474,262.6700134277344,63285000,28338100,87397600
2024-10-02,226.53077697753906,165.67013549804688,249.02000427246094,227.12012493395358,167.32823890222443,251.16000366210938,222.77491454853467,164.54142416704428,241.5,225.64175566026316,166.22949200998104,247.5500030517578,32880600,17760200,93983900
2024-10-03,225.42198181152344,165.67013549804688,240.66000366210938,226.56072831643584,166.4492413884297,249.7899932861328,223.0745736591087,163.73235383790225,237.80999755859375,224.8925655126969,164.22179840650557,244.47999572753906,34044200,15073100,80729200
2024-10-04,226.55075073242188,166.86875915527344,250.0800018310547,227.74942888869526,168.03741799352926,250.9600067138672,223.88368688105714,165.29056599793975,244.5800018310547,227.6495326914976,167.8676144263969,246.69000244140625,37245100,19047400,86573200
2024-10-07,221.4463653564453,162.79342651367188,240.8300018310547,225.44196936055414,168.2871304607625,249.8300018310547,221.08676038639473,162.56369407072728,240.6999969482422,224.25327473060864,167.52800594767675,249.0,39505400,22463100,68113300
2024-10-08,225.52188110351562,164.19183349609375,244.5,225.73164177618557,164.54142369438745,246.2100067138672,223.0046463373399,162.68355229004484,240.55999755859375,224.05349542674807,163.75233474045888,243.55999755859375,31855700,23072700,56303200
2024-10-09,229.28773498535156,161.67471313476562,241.0500030517578,229.49751090746852,164.65129754460094,247.42999267578125,224.58291968465133,159.5571448589351,239.50999450683594,224.9824739985636,163.26288934163853,243.82000732421875,33591100,31181800,66289500
2024-10-10,228.7882843017578,161.8944549560547,238.77000427246094,229.24778548023318,162.88332710504665,242.7899932861328,226.9203442604764,160.21637027061266,232.33999633789062,227.5296744960524,160.6858334406201,241.80999755859375,28183500,14144100,83087100
2024-10-11,227.2999267578125,163.05313110351562,217.8000030517578,229.15788323697032,163.7123639633056,223.33999633789062,227.09015084025384,161.05542066959453,214.3800048828125,229.04800351672907,161.94440120303656,220.1300048828125,31759200,15344300,142628900
2024-10-14,231.04580688476562,164.7711639404297,219.16000366210938,231.47532700331138,166.03969909717978,221.91000366210938,228.34877720356226,163.21293699316715,213.74000549316406,228.44865815944695,163.45266773305087,220.1300048828125,39882100,19016100,86291900
2024-10-15,233.59300231933594,165.27059936523438,219.57000732421875,237.22900130875718,167.48804403838992,224.25999450683594,232.11461788171079,164.44154766375664,217.1199951171875,233.3532605949055,165.6002081913426,220.00999450683594,64751400,20247200,62988800
2024-10-16,231.5252685546875,164.97093200683594,221.3300018310547,231.86489123072647,165.61019873881125,222.82000732421875,229.5873982094942,163.55255942155696,218.92999267578125,231.34547369396782,164.34164834019793,221.39999389648438,34082200,16406000,49632800
2024-10-17,231.89486694335938,162.74346923828125,220.88999938964844,233.59301088010824,166.179533539939,222.0800018310547,230.26666863657624,162.5736656844729,217.89999389648438,233.17345903647427,165.54026682623436,221.58999633789062,32993800,21453400,50791800
2024-10-18,234.74172973632812,163.23292541503906,220.6999969482422,235.9204255737285,164.52145724074808,222.27999877929688,233.75281228137578,162.89331828319396,219.22999572753906,235.9204255737285,163.0031929718876,220.7100067138672,46431500,19757700,49611900
2024-10-21,236.22010803222656,163.88218688964844,218.85000610351562,236.5897117727769,164.3116873279236,220.47999572753906,234.19234018879644,162.43383459552447,215.72999572753906,234.19234018879644,162.76345865438103,218.89999389648438,36254500,20946500,47329000
2024-10-22,235.60079956054688,164.95095825195312,217.97000122070312,235.96040454410334,165.5802419476502,218.22000122070312,232.3443876620224,162.79342721641044,215.25999450683594,233.6329632952546,162.79342721641044,217.30999755859375,38846600,16568100,43268700
2024-10-23,230.5063934326172,162.59365844726562,213.64999389648438,234.88158476901867,165.63018698109346,218.72000122070312,227.50969037853835,161.74462537741965,212.11000061035156,233.822752128634,164.57138759989343,217.1300048828125,52287000,18280500,80938900
2024-10-24,230.31661987304688,162.53372192382812,260.4800109863281,230.56634513279107,163.14302421507978,262.1199951171875,228.15898997077215,160.82567279873874,242.64999389648438,229.7272566761152,162.64359660721192,244.67999267578125,31109500,22412500,204491900
2024-10-25,231.1556854248047,165.080810546875,269.19000244140625,232.96369380669327,165.4004362996681,269.489990234375,229.3177112321018,163.2329222477887,255.32000732421875,229.4875225740561,163.48263605894513,256.010009765625,38802300,19828900,161611900
2024-10-28,233.14349365234375,166.52914428710938,262.510009765625,234.472033847566,168.55681917401554,273.5400085449219,232.29443692443334,163.76231104702376,262.239990234375,233.06359498314518,168.55681917401554,270.0,36087100,32138600,107653600
2024-10-29,233.41319274902344,169.48574829101562,259.5199890136719,234.07247106119948,170.18495914581706,264.9800109863281,232.06468555632105,166.89871690047832,255.50999450683594,232.84382710997653,167.5379836387061,264.510009765625,35417200,42169000,80521800
2024-10-30,229.8471221923828,174.26028442382812,257.54998779296875,233.21341362628857,181.8116272766613,263.3500061035156,229.29772360355057,173.86073320012326,255.82000732421875,232.35435817157438,180.47314972890098,258.0400085449219,47070900,68890800,53993600
2024-10-31,225.66172790527344,170.91412353515625,249.85000610351562,229.57741798472995,176.61759375547854,259.75,225.1223128313268,170.80424884729752,249.25,229.08795100904055,172.93181542068857,257.989990234375,64370100,44769000,66575300
2024-11-01,222.66502380371094,171.09390258789062,248.97999572753906,225.10234466312102,172.1227374784499,254.0,220.02792579428782,168.68667310994414,246.6300048828125,220.72715344034327,169.87531325104803,252.0399932861328,65276700,31796500,57544800
2024-11-04,221.76600646972656,169.0462646484375,242.83999633789062,222.54514803369162,170.53454918701203,248.89999389648438,219.46854635353304,167.81766174152193,238.8800048828125,220.74713841963055,169.7354619545759,244.55999755859375,44944500,21492700,68802400
2024-11-05,223.2044219970703,169.5457000732422,251.44000244140625,223.70387248945224,170.33478903527796,255.27999877929688,220.896963160989,168.64672117984685,246.2100067138672,221.5562414690178,169.2360421349021,247.33999633789062,28111300,18242100,69282500
2024-11-06,222.47523498535156,176.3079376220703,288.5299987792969,225.82155947797517,176.73745331219902,289.5899963378906,220.94691765378838,173.30138875645662,275.6199951171875,222.36535526416637,173.60104838470335,284.6700134277344,54561100,33695500,165228700
2024-11-07,227.22999572753906,180.5430908203125,296.9100036621094,227.629565273657,180.87271488977294,299.75,224.32320539488208,176.9871684826014,285.5199890136719,224.38313701629485,177.20691786224168,288.8900146484375,42137700,25352900,117309200
2024-11-08,226.9600067138672,178.14584350585938,321.2200012207031,228.66000366210938,180.69291225137096,328.7099914550781,226.41000366210938,177.87614831538193,297.6600036621094,227.1699981689453,180.44319843386418,299.1400146484375,38328800,22006200,204782800
2024-11-11,224.22999572753906,180.1435546875,350.0,225.6999969482422,180.3433226939525,358.6400146484375,221.5,178.26570189593804,336.0,225.0,178.37557658568522,346.29998779296875,42005600,17450400,210521600
2024-11-12,224.22999572753906,181.41207885742188,328.489990234375,225.58999633789062,182.28109325658866,345.8399963378906,223.36000061035156,179.18463600062077,323.30999755859375,224.5500030517578,179.61415166757834,342.739990234375,40398300,25134900,155726000
2024-11-13,225.1199951171875,178.67523193359375,330.239990234375,226.64999389648438,180.75285268181247,344.6000061035156,222.75999450683594,178.3356095653103,322.5,224.00999450683594,180.25342505699032,335.8500061035156,48566200,23184000,125405600
2024-11-14,228.22000122070312,175.37899780273438,311.17999267578125,228.8699951171875,178.6152941368307,329.9800109863281,225.0,174.12044573791286,310.3699951171875,225.02000427246094,178.0759037938209,327.69000244140625,44923900,31007500,120726100
2024-11-15,225.0,172.29254150390625,320.7200012207031,226.9199981689453,173.9406465119526,324.67999267578125,224.27000427246094,171.02399111342126,309.2200012207031,226.39999389648438,173.5311122159291,310.57000732421875,47923700,32504600,114440300
2024-11-18,228.02000427246094,175.0993194580078,338.739990234375,229.74000549316406,175.23915857623498,348.54998779296875,225.1699981689453,172.70205783527248,330.010009765625,225.25,173.2214668063966,340.7300109863281,44686000,20206600,126547500
2024-11-19,228.27999877929688,177.9160919189453,346.0,230.16000366210938,178.66523335503967,347.3800048828125,226.66000366210938,173.3613144261031,332.75,226.97999572753906,173.52113492372038,335.760009765625,36211800,23434900,88852500
2024-11-20,229.0,175.77853393554688,342.0299987792969,229.92999267578125,177.47658472831748,346.6000061035156,225.88999938964844,173.58105554247194,334.29998779296875,228.05999755859375,177.13697761802752,345.0,35169600,18997100,66340700
2024-11-21,228.52000427246094,167.4381103515625,339.6400146484375,230.16000366210938,173.93066947333787,347.989990234375,225.7100067138672,163.51260129552495,335.2799987792969,228.8800048828125,173.70092179220046,343.80999755859375,42108300,59734400,58011700
2024-11-22,229.8699951171875,164.57138061523438,352.55999755859375,230.72000122070312,166.26944668285782,361.5299987792969,228.05999755859375,163.7123645160949,337.70001220703125,228.05999755859375,165.66014438880168,341.0899963378906,38168300,38604600,89140700
2024-11-25,232.8699951171875,167.45806884765625,338.5899963378906,233.25,168.43695792128977,361.92999267578125,229.74000549316406,165.4204109377555,338.20001220703125,231.4600067138672,165.8998571680873,360.1400146484375,90152800,33135300,95890900
2024-11-26,235.05999755859375,168.9263916015625,338.2300109863281,235.57000732421875,169.62560245554164,346.9599914550781,233.3300018310547,167.38816125371517,335.6600036621094,233.3300018310547,167.43810706347386,341.0,45986200,20486700,62295900
2024-11-27,234.92999267578125,169.03627014160156,332.8900146484375,235.69000244140625,169.28598395476882,342.54998779296875,233.80999755859375,167.8276638210122,326.5899963378906,234.47000122070312,168.80653770105775,341.79998779296875,33498400,19266500,57896400
2024-11-29,237.3300018310547,168.756591796875,345.1600036621094,237.80999755859375,169.236038050321,345.45001220703125,233.97000122070312,166.96864760176737,334.6499938964844,234.80999755859375,168.30710998168675,336.0799865722656,28481400,14257200,37167600
2024-12-02,239.58999633789062,171.29368591308594,357.0899963378906,240.7899932861328,171.88300683066288,360.0,237.16000366210938,168.37703052095557,351.1499938964844,237.27000427246094,168.5767985152317,352.3800048828125,48137100,23789100,77986500
2024-12-03,242.64999389648438,171.1438446044922,351.4200134277344,242.75999450683594,172.4823069012363,355.69000244140625,238.89999389648438,170.65441531581507,348.20001220703125,239.80999755859375,171.29368202779142,351.79998779296875,38861000,22248700,58267200
2024-12-04,243.00999450683594,174.17037963867188,357.92999267578125,244.11000061035156,174.70976999200622,358.1000061035156,241.25,170.86417130279446,348.6000061035156,242.8699951171875,170.95406461457648,353.0,44383900,31615100,50810900
2024-12-05,243.0399932861328,172.44236755371094,369.489990234375,244.5399932861328,175.858450636237,375.42999267578125,242.1300048828125,172.13272486876673,359.5,243.99000549316406,175.15925501840792,359.8699951171875,40033900,21356200,81403600
2024-12-06,242.83999633789062,174.510009765625,389.2200012207031,244.6300048828125,174.8795813358406,389.489990234375,242.0800018310547,171.6632661685559,370.79998779296875,242.91000366210938,171.83306973436635,377.4200134277344,36870600,21462400,81455800
2024-12-09,246.75,175.3699951171875,389.7900085449219,247.24000549316406,176.25999450683594,404.79998779296875,241.75,173.64999389648438,378.010009765625,241.8300018310547,173.9600067138672,397.6099853515625,44649200,25389600,96359200
2024-12-10,247.77000427246094,185.1699981689453,400.989990234375,248.2100067138672,186.36000061035156,409.7300109863281,245.33999633789062,181.0500030517578,390.8500061035156,246.88999938964844,182.85000610351562,392.67999267578125,36914800,54813000,97563600
2024-12-11,246.49000549316406,195.39999389648438,424.7699890136719,250.8000030517578,195.61000061035156,424.8800048828125,246.25999450683594,184.85000610351562,402.3800048828125,247.9600067138672,185.30999755859375,409.70001220703125,45205800,67894100,104287600
2024-12-12,247.9600067138672,191.9600067138672,418.1000061035156,248.74000549316406,195.17999267578125,429.29998779296875,245.67999267578125,191.7100067138672,415.0,246.88999938964844,195.0,424.8399963378906,32777500,34817500,87752200
2024-12-13,248.1300048828125,189.82000732421875,436.2300109863281,249.2899932861328,192.72999572753906,436.29998779296875,246.24000549316406,189.63999938964844,415.7099914550781,247.82000732421875,191.00999450683594,420.0,33155300,25143500,89000200
2024-12-16,251.0399932861328,196.66000366210938,463.0199890136719,251.3800048828125,199.0,463.19000244140625,247.64999389648438,192.6199951171875,436.1499938964844,247.99000549316406,192.8699951171875,441.0899963378906,51694800,44934900,114083800
2024-12-17,253.47999572753906,195.4199981689453,479.8599853515625,253.8300018310547,201.4199981689453,483.989990234375,249.77999877929688,194.97999572753906,457.510009765625,250.0800018310547,197.25,475.8999938964844,51356400,43504000,131223000
2024-12-18,248.0500030517578,188.39999389648438,440.1300048828125,254.27999877929688,197.0,488.5400085449219,247.74000549316406,187.74000549316406,427.010009765625,252.16000366210938,195.22000122070312,466.5,56774100,34166100,149340800
2024-12-19,249.7899932861328,188.50999450683594,436.1700134277344,252.0,193.02999877929688,456.3599853515625,247.08999633789062,188.3800048828125,420.0199890136719,247.5,191.6300048828125,451.8800048828125,60882300,32265200,118566100
2024-12-20,254.49000549316406,191.41000366210938,421.05999755859375,255.0,192.88999938964844,447.0799865722656,245.69000244140625,185.22000122070312,417.6400146484375,248.0399932861328,185.77999877929688,425.510009765625,147495300,63462900,132216200
2024-12-23,255.27000427246094,194.6300048828125,430.6000061035156,255.64999389648438,195.10000610351562,434.510009765625,253.4499969482422,190.14999389648438,415.4100036621094,254.77000427246094,192.6199951171875,431.0,40858800,25675000,72698100
2024-12-24,258.20001220703125,196.11000061035156,462.2799987792969,258.2099914550781,196.11000061035156,462.7799987792969,255.2899932861328,193.77999877929688,435.1400146484375,255.49000549316406,194.83999633789062,435.8999938964844,23234700,10403300,59551800
2024-12-26,259.0199890136719,195.60000610351562,454.1300048828125,260.1000061035156,196.75,465.3299865722656,257.6300048828125,194.3800048828125,451.0199890136719,258.19000244140625,195.14999389648438,465.1600036621094,27237100,12046600,76366400
2024-12-27,255.58999633789062,192.75999450683594,431.6600036621094,258.70001220703125,195.32000732421875,450.0,253.05999755859375,190.64999389648438,426.5,257.8299865722656,194.9499969482422,449.5199890136719,42355300,18891400,82666800
2024-12-30,252.1999969482422,191.24000549316406,417.4100036621094,253.5,192.5500030517578,427.0,250.75,189.1199951171875,415.75,252.22999572753906,189.8000030517578,419.3999938964844,35557500,14264700,64941000
2024-12-31,250.4199981689453,189.3000030517578,403.8399963378906,253.27999877929688,191.9600067138672,427.92999267578125,249.42999267578125,188.50999450683594,402.5400085449219,252.44000244140625,191.0800018310547,423.7900085449219,39480700,17466900,76825100
2025-01-02,243.85000610351562,189.42999267578125,379.2799987792969,249.10000610351562,192.0,392.7300109863281,241.82000732421875,187.5,373.0400085449219,248.92999267578125,190.64999389648438,390.1000061035156,55740700,20370800,109710700
2025-01-03,243.36000061035156,191.7899932861328,410.44000244140625,244.17999267578125,193.2100067138672,411.8800048828125,241.88999938964844,189.97999572753906,379.45001220703125,243.36000061035156,191.3699951171875,381.4800109863281,40244100,18596200,95423300
2025-01-06,245.0,196.8699951171875,411.04998779296875,247.3300018310547,198.22000122070312,426.42999267578125,243.1999969482422,193.85000610351562,401.70001220703125,244.30999755859375,193.97999572753906,423.20001220703125,45045600,29563600,85516500
2025-01-07,242.2100067138672,195.49000549316406,394.3599853515625,245.5500030517578,201.0,414.3299865722656,241.35000610351562,194.60000610351562,390.0,242.97999572753906,197.11000061035156,405.8299865722656,40856000,26487200,75699500
2025-01-08,242.6999969482422,193.9499969482422,394.94000244140625,243.7100067138672,196.2899932861328,402.5,240.0500030517578,192.3800048828125,387.3999938964844,241.9199981689453,192.57000732421875,392.95001220703125,37628900,24864800,73038800
2025-01-10,236.85000610351562,192.0399932861328,394.739990234375,240.16000366210938,196.52000427246094,399.2799987792969,233.0,190.30999755859375,377.2900085449219,240.00999450683594,194.3000030517578,391.3999938964844,61710900,26665200,62287300
2025-01-13,234.39999389648438,191.00999450683594,403.30999755859375,234.6699981689453,191.17999267578125,403.7900085449219,229.72000122070312,187.36000061035156,380.07000732421875,233.52999877929688,190.07000732421875,383.2099914550781,49630700,21823700,67580500
2025-01-14,233.27999877929688,189.66000366210938,396.3599853515625,236.1199951171875,191.97999572753906,422.6400146484375,232.47000122070312,188.30999755859375,394.5400085449219,234.75,191.24000549316406,414.3399963378906,39435300,17174900,84565000
2025-01-15,237.8699951171875,195.5500030517578,428.2200012207031,238.9600067138672,196.36000061035156,429.79998779296875,234.42999267578125,191.86000061035156,405.6600036621094,234.63999938964844,193.08999633789062,409.8999938964844,39832000,21776000,81375500
2025-01-16,228.25999450683594,192.91000366210938,413.82000732421875,238.00999450683594,195.47999572753906,424.0,228.02999877929688,192.80999755859375,409.1300048828125,237.35000610351562,194.13999938964844,423.489990234375,71759100,17815400,68335200
2025-01-17,229.97999572753906,196.0,426.5,232.2899932861328,197.22999572753906,439.739990234375,228.47999572753906,193.75,419.75,232.1199951171875,196.52999877929688,421.5,68488300,27735100,94991400
2025-01-21,222.63999938964844,198.0500030517578,424.07000732421875,224.4199981689453,202.2899932861328,433.20001220703125,219.3800048828125,197.8699951171875,406.30999755859375,224.0,199.07000732421875,432.6400146484375,98070400,29971300,87320900
2025-01-22,223.8300018310547,198.3699951171875,415.1099853515625,224.1199951171875,200.47999572753906,428.0,219.7899932861328,197.52999877929688,414.5899963378906,219.7899932861328,199.05999755859375,416.80999755859375,64126500,26200600,60963300
2025-01-23,223.66000366210938,197.97999572753906,412.3800048828125,227.02999877929688,200.3000030517578,420.7300109863281,222.3000030517578,195.1999969482422,408.95001220703125,224.74000549316406,198.13999938964844,416.05999755859375,60234800,26951400,50690600
2025-01-24,222.77999877929688,200.2100067138672,406.5799865722656,225.6300048828125,200.89999389648438,418.8800048828125,221.41000366210938,198.0,405.7799987792969,224.77999877929688,198.10000610351562,414.45001220703125,54697900,23877500,56427100
2025-01-27,229.86000061035156,191.80999755859375,397.1499938964844,232.14999389648438,196.8800048828125,406.69000244140625,223.97999572753906,190.72999572753906,389.0,224.02000427246094,192.41000366210938,394.79998779296875,94863400,41728900,58125500
2025-01-28,238.25999450683594,195.3000030517578,398.0899963378906,240.19000244140625,195.47999572753906,400.5899963378906,230.80999755859375,190.67999267578125,386.5,230.85000610351562,192.75,396.9100036621094,75707600,24157900,48910700
2025-01-29,239.36000061035156,195.41000366210938,389.1000061035156,239.86000061035156,196.7899932861328,398.5899963378906,234.00999450683594,193.42999267578125,384.4800109863281,234.1199951171875,195.55999755859375,395.2099914550781,45486100,18218300,68033600
2025-01-30,237.58999633789062,200.8699951171875,400.2799987792969,240.7899932861328,201.39999389648438,412.5,237.2100067138672,197.6699981689453,384.4100036621094,238.6699981689453,198.0,410.7799987792969,55658300,24354700,98092900
2025-01-31,236.0,204.02000427246094,404.6000061035156,247.19000244140625,205.47999572753906,419.989990234375,233.44000244140625,201.8000030517578,401.3399963378906,247.19000244140625,202.0,401.5299987792969,101075100,32042000,83568200
2025-02-03,228.00999450683594,201.22999572753906,383.67999267578125,231.8300018310547,203.75,389.1700134277344,225.6999969482422,200.10000610351562,374.3599853515625,229.99000549316406,200.69000244140625,386.67999267578125,73063300,27838300,93732100
2025-02-04,232.8000030517578,206.3800048828125,392.2099914550781,233.1300048828125,207.0500030517578,394.0,226.64999389648438,202.80999755859375,381.3999938964844,227.25,203.38999938964844,382.6300048828125,45067300,43856400,57072200
2025-02-05,232.47000122070312,191.3300018310547,378.1700134277344,232.6699981689453,192.75,388.3900146484375,228.27000427246094,188.02999877929688,375.5299987792969,228.52999877929688,191.07000732421875,387.510009765625,39620300,70373900,57223300
2025-02-06,233.22000122070312,191.60000610351562,374.32000732421875,233.8000030517578,192.10000610351562,375.3999938964844,230.42999267578125,188.72000122070312,363.17999267578125,231.2899932861328,189.5,373.1050109863281,29836900,29247200,77152311
